City_ID,City,Country,Date,Lat,Lng,Max Temp,Humidity,Cloudiness,Wind Speed,Current Description,Rain inches (last 3 hrs),Snow inches (last 3 hrs)
0,hermanus,ZA,2021-11-29 21:57:18,-34.4187,19.2345,61.9,76,44,9.17,scattered clouds,0.0,0
1,leningradskiy,RU,2021-11-29 21:59:27,69.3833,178.4167,-21.53,95,63,8.86,broken clouds,0.0,0
2,lucapa,AO,2021-11-29 21:59:27,-8.4192,20.7447,65.16,97,98,1.88,overcast clouds,0.0,0
3,kapaa,US,2021-11-29 21:59:28,22.0752,-159.319,84.18,67,9,7.0,clear sky,0.0,0
4,mar del plata,AR,2021-11-29 21:54:53,-38.0023,-57.5575,62.62,91,75,14.0,broken clouds,0.0,0
5,umm lajj,SA,2021-11-29 21:59:29,25.0213,37.2685,84.07,33,0,8.14,clear sky,0.0,0
6,rikitea,PF,2021-11-29 21:59:30,-23.1203,-134.9692,76.57,74,2,21.68,clear sky,0.0,0
7,maseru,LS,2021-11-29 21:59:30,-29.3167,27.4833,61.32,32,0,4.81,clear sky,0.0,0
8,ushuaia,AR,2021-11-29 21:56:53,-54.8,-68.3,44.26,61,40,21.85,scattered clouds,0.0,0
9,nizhniy kuranakh,RU,2021-11-29 21:59:31,58.8353,125.4869,-3.33,99,100,2.19,overcast clouds,0.0,0
10,acari,PE,2021-11-29 21:59:32,-15.4311,-74.6158,73.85,61,28,8.14,scattered clouds,0.0,0
11,bambous virieux,MU,2021-11-29 21:59:32,-20.3428,57.7575,74.21,83,20,4.61,few clouds,0.0,0
12,tabas,IR,2021-11-29 21:59:33,33.5959,56.9244,57.88,36,17,2.04,few clouds,0.0,0
13,vaini,TO,2021-11-29 21:59:33,-21.2,-175.2,82.56,69,20,10.36,few clouds,0.0,0
14,port lincoln,AU,2021-11-29 21:59:34,-34.7333,135.8667,72.0,46,78,9.26,broken clouds,0.0,0
15,ahipara,NZ,2021-11-29 21:59:34,-35.1667,173.1667,69.71,61,15,5.44,few clouds,0.0,0
16,cooma,AU,2021-11-29 21:59:35,-36.2333,149.1333,56.97,100,40,5.75,scattered clouds,0.0,0
17,port alfred,ZA,2021-11-29 21:59:35,-33.5906,26.891,68.07,88,89,7.54,overcast clouds,0.0,0
18,esperance,AU,2021-11-29 21:59:36,-33.8667,121.9,58.84,68,100,12.15,overcast clouds,0.0,0
19,puerto ayora,EC,2021-11-29 21:59:37,-0.7393,-90.3518,78.76,89,75,8.01,broken clouds,0.0,0
20,alofi,NU,2021-11-29 21:59:37,-19.0595,-169.9187,80.49,61,40,12.66,scattered clouds,0.0,0
21,vanimo,PG,2021-11-29 21:59:38,-2.6741,141.3028,79.2,89,100,3.47,light rain,0.0,0
22,longyearbyen,SJ,2021-11-29 21:59:39,78.2186,15.6401,8.44,72,20,18.41,few clouds,0.0,0
23,busselton,AU,2021-11-29 21:59:40,-33.65,115.3333,57.04,62,30,9.73,scattered clouds,0.0,0
24,vzmorye,RU,2021-11-29 21:59:40,54.6961,20.2361,37.49,79,100,15.55,overcast clouds,0.0,0
25,castro,BR,2021-11-29 21:59:41,-24.7911,-50.0119,68.45,87,25,4.79,scattered clouds,0.0,0
26,high level,CA,2021-11-29 21:59:41,58.5169,-117.136,6.91,85,75,2.3,broken clouds,0.0,0
27,jamestown,US,2021-11-29 21:59:42,42.097,-79.2353,32.34,92,90,1.99,light snow,0.0,0
28,srednekolymsk,RU,2021-11-29 21:59:42,67.45,153.6833,-19.48,98,100,5.06,overcast clouds,0.0,0
29,avarua,CK,2021-11-29 21:59:43,-21.2078,-159.775,80.65,57,20,13.8,few clouds,0.0,0
30,palmas bellas,PA,2021-11-29 21:59:43,9.2319,-80.0867,84.11,88,97,11.36,overcast clouds,0.0,0
31,fort nelson,CA,2021-11-29 21:59:44,58.8053,-122.7002,6.39,78,75,4.61,broken clouds,0.0,0
32,faanui,PF,2021-11-29 21:59:44,-16.4833,-151.75,81.34,76,100,14.27,light rain,0.0,0
33,la libertad,EC,2021-11-29 21:59:45,-2.2333,-80.9,76.66,73,75,14.97,broken clouds,0.0,0
34,kamp-lintfort,DE,2021-11-29 21:59:45,51.5,6.5333,41.18,93,100,1.01,overcast clouds,0.0,0
35,yerbogachen,RU,2021-11-29 21:59:46,61.2767,108.0108,-5.24,98,98,6.15,overcast clouds,0.0,0
36,bredasdorp,ZA,2021-11-29 21:59:46,-34.5322,20.0403,58.28,66,60,5.79,broken clouds,0.0,0
37,nueva loja,EC,2021-11-29 21:59:47,0.0847,-76.8828,82.42,83,40,6.91,scattered clouds,0.0,0
38,chuy,UY,2021-11-29 21:59:02,-33.6971,-53.4616,65.39,93,100,18.07,light rain,0.0,0
39,yellowknife,CA,2021-11-29 21:59:48,62.456,-114.3525,-12.59,82,20,3.0,few clouds,0.0,0
40,rio gallegos,AR,2021-11-29 21:59:48,-51.6226,-69.2181,57.25,21,75,29.93,broken clouds,0.0,0
41,souillac,MU,2021-11-29 21:59:49,-20.5167,57.5167,74.35,83,20,4.61,few clouds,0.0,0
42,norman wells,CA,2021-11-29 21:59:49,65.282,-126.8329,-25.56,68,1,3.44,clear sky,0.0,0
43,kutum,SD,2021-11-29 21:59:50,14.2,24.6667,70.05,36,78,8.99,broken clouds,0.0,0
44,sitka,US,2021-11-29 21:59:51,57.0531,-135.33,35.69,86,100,8.21,light rain,0.0,0
45,doha,QA,2021-11-29 21:59:52,25.2867,51.5333,71.58,78,0,10.36,clear sky,0.0,0
46,mataura,NZ,2021-11-29 21:59:52,-46.1927,168.8643,55.47,62,97,4.41,overcast clouds,0.0,0
47,hermiston,US,2021-11-29 21:59:53,45.8404,-119.2895,64.81,59,47,1.01,scattered clouds,0.0,0
48,sinop,TR,2021-11-29 21:59:54,41.7711,34.8709,56.52,68,91,1.48,overcast clouds,0.0,0
49,east london,ZA,2021-11-29 21:59:54,-33.0153,27.9116,68.2,87,46,6.42,scattered clouds,0.0,0
50,hilo,US,2021-11-29 21:58:54,19.7297,-155.09,76.28,95,26,1.99,light rain,0.0,0
51,ancud,CL,2021-11-29 21:59:55,-41.8697,-73.8203,62.22,66,32,2.84,scattered clouds,0.0,0
52,qaanaaq,GL,2021-11-29 21:59:56,77.484,-69.3632,8.83,62,100,5.97,overcast clouds,0.0,0
53,pagudpud,PH,2021-11-29 21:59:57,18.5616,120.7868,75.16,89,97,18.48,overcast clouds,0.0,0
54,lagoa,PT,2021-11-29 21:59:57,39.05,-27.9833,60.75,58,79,4.16,broken clouds,0.0,0
55,tuktoyaktuk,CA,2021-11-29 21:59:58,69.4541,-133.0374,-14.8,70,75,19.57,light snow,0.0,0
56,cape town,ZA,2021-11-29 21:58:01,-33.9258,18.4232,66.09,75,40,6.91,scattered clouds,0.0,0
57,clyde river,CA,2021-11-29 21:59:59,70.4692,-68.5914,-0.17,78,75,5.75,broken clouds,0.0,0
58,albany,US,2021-11-29 21:59:19,42.6001,-73.9662,32.09,70,68,1.99,broken clouds,0.0,0
59,mount gambier,AU,2021-11-29 22:00:00,-37.8333,140.7667,66.11,52,34,6.91,scattered clouds,0.0,0
60,pevek,RU,2021-11-29 21:59:01,69.7008,170.3133,-0.22,97,100,2.19,overcast clouds,0.0,0
61,diamantino,BR,2021-11-29 22:00:02,-14.4086,-56.4461,77.54,87,90,4.03,heavy intensity rain,0.0,0
62,gizo,SB,2021-11-29 22:00:02,-8.103,156.8419,83.88,74,98,9.73,overcast clouds,0.0,0
63,pemangkat,ID,2021-11-29 22:00:03,1.1667,108.9667,76.44,85,98,5.1,overcast clouds,0.0,0
64,isla mujeres,MX,2021-11-29 22:00:04,21.2311,-86.731,80.65,76,99,7.47,overcast clouds,0.0,0
65,general roca,AR,2021-11-29 22:00:07,-39.0333,-67.5833,84.42,12,73,2.75,broken clouds,0.0,0
66,hobart,AU,2021-11-29 21:56:36,-42.8794,147.3294,62.26,71,20,1.99,few clouds,0.0,0
67,kavieng,PG,2021-11-29 22:00:08,-2.5744,150.7967,83.73,75,100,17.85,light rain,0.0,0
68,chabahar,IR,2021-11-29 22:00:09,25.2919,60.643,73.45,70,0,6.49,clear sky,0.0,0
69,saint george,US,2021-11-29 22:00:09,37.1041,-113.5841,77.47,21,0,4.0,clear sky,0.0,0
70,keti bandar,PK,2021-11-29 22:00:10,24.1447,67.4497,74.34,40,9,9.6,clear sky,0.0,0
71,yuzawa,JP,2021-11-29 22:00:11,39.1667,140.5,39.02,83,96,4.25,overcast clouds,0.0,0
72,punta arenas,CL,2021-11-29 21:59:33,-53.15,-70.9167,51.91,46,40,27.63,scattered clouds,0.0,0
73,rancho palos verdes,US,2021-11-29 22:00:13,33.7445,-118.387,88.66,69,0,3.0,clear sky,0.0,0
74,saint-pierre,RE,2021-11-29 21:57:43,-21.3393,55.4781,76.64,81,40,5.75,scattered clouds,0.0,0
75,san pedro,PH,2021-11-29 22:00:14,14.35,121.0167,78.35,89,99,3.69,overcast clouds,0.0,0
76,nikolskoye,RU,2021-11-29 22:00:15,59.7035,30.7861,24.4,95,100,10.96,light snow,0.0,0
77,guamal,CO,2021-11-29 22:00:15,9.1433,-74.2238,80.33,88,91,3.58,overcast clouds,0.0,0
78,umm kaddadah,SD,2021-11-29 22:00:16,13.6017,26.6876,77.77,37,26,12.19,scattered clouds,0.0,0
79,omboue,GA,2021-11-29 22:00:16,-1.5746,9.2618,77.41,90,100,5.86,moderate rain,0.0,0
80,narrabri,AU,2021-11-29 22:00:18,-30.3167,149.7833,71.53,86,100,3.15,moderate rain,0.0,0
81,hovd,MN,2021-11-29 22:00:19,48.0056,91.6419,15.22,47,0,0.69,clear sky,0.0,0
82,katsuura,JP,2021-11-29 22:00:19,35.1333,140.3,42.91,75,56,12.17,broken clouds,0.0,0
83,bose,IT,2021-11-29 22:00:20,45.4612,8.0137,37.08,44,0,7.34,clear sky,0.0,0
84,saldanha,ZA,2021-11-29 22:00:22,-33.0117,17.9442,61.48,85,34,4.47,scattered clouds,0.0,0
85,xingyi,CN,2021-11-29 22:00:23,24.1877,102.817,45.19,94,99,5.73,overcast clouds,0.0,0
86,chokurdakh,RU,2021-11-29 22:00:23,70.6333,147.9167,-13.18,99,100,3.56,overcast clouds,0.0,0
87,sungai padi,TH,2021-11-29 22:00:24,6.0851,101.8766,73.13,94,100,2.86,overcast clouds,0.0,0
88,the valley,AI,2021-11-29 22:00:25,18.217,-63.0578,82.54,78,40,10.36,scattered clouds,0.0,0
89,bluff,NZ,2021-11-29 22:00:25,-46.6,168.3333,56.8,76,100,7.72,overcast clouds,0.0,0
90,new norfolk,AU,2021-11-29 22:00:26,-42.7826,147.0587,67.66,60,22,3.36,few clouds,0.0,0
91,basco,PH,2021-11-29 22:00:27,20.4487,121.9702,75.54,84,100,28.43,overcast clouds,0.0,0
92,dubbo,AU,2021-11-29 22:00:27,-32.25,148.6167,64.53,88,75,12.66,broken clouds,0.0,0
93,kharan,PK,2021-11-29 22:00:28,28.5833,65.4167,60.39,26,30,3.02,scattered clouds,0.0,0
94,whitehorse,CA,2021-11-29 22:00:28,60.7161,-135.0538,10.09,94,100,2.75,overcast clouds,0.0,0
95,khatanga,RU,2021-11-29 22:00:29,71.9667,102.5,-29.67,100,97,4.59,overcast clouds,0.0,0
96,tasiilaq,GL,2021-11-29 22:00:29,65.6145,-37.6368,24.96,94,100,10.0,light snow,0.0,0
97,nouadhibou,MR,2021-11-29 22:00:31,20.931,-17.0347,66.25,69,72,23.13,broken clouds,0.0,0
98,bethel,US,2021-11-29 21:59:11,41.3712,-73.414,38.48,72,58,1.99,broken clouds,0.0,0
99,mogadishu,SO,2021-11-29 22:00:32,2.0371,45.3438,80.78,81,18,15.61,light rain,0.0,0
100,sompeta,IN,2021-11-29 22:00:33,18.9333,84.6,70.29,56,8,5.64,clear sky,0.0,0
101,upernavik,GL,2021-11-29 22:00:34,72.7868,-56.1549,21.69,95,100,5.01,light snow,0.0,0
102,cherskiy,RU,2021-11-29 21:59:20,68.75,161.3,-15.45,98,100,5.75,overcast clouds,0.0,0
103,kodiak,US,2021-11-29 21:56:53,57.79,-152.4072,35.87,99,100,24.34,light rain,0.0,0
104,barrow,US,2021-11-29 22:00:01,71.2906,-156.7887,-18.38,76,40,8.05,scattered clouds,0.0,0
105,talbahat,IN,2021-11-29 22:00:37,25.05,78.4333,60.64,55,83,1.36,broken clouds,0.0,0
106,nishihara,JP,2021-11-29 22:00:31,26.1842,127.7558,70.88,78,75,10.36,broken clouds,0.0,0
107,genhe,CN,2021-11-29 22:00:38,50.7833,121.5167,-1.37,100,100,1.92,overcast clouds,0.0,0
108,houma,US,2021-11-29 21:59:51,29.5958,-90.7195,66.99,50,0,4.0,clear sky,0.0,0
109,magadan,RU,2021-11-29 22:00:39,59.5667,150.8,2.93,90,100,7.94,overcast clouds,0.0,0
110,kirakira,SB,2021-11-29 22:00:40,-10.4544,161.9205,84.43,72,76,6.62,broken clouds,0.0,0
111,hami,CN,2021-11-29 22:00:41,42.8,93.45,22.98,59,4,1.28,clear sky,0.0,0
112,nuuk,GL,2021-11-29 22:00:10,64.1835,-51.7216,36.88,74,100,10.0,light rain,0.0,0
113,matagami,CA,2021-11-29 21:56:58,49.7502,-77.6328,19.51,100,90,0.0,light snow,0.0,0
114,georgetown,MY,2021-11-29 22:00:42,5.4112,100.3354,75.13,98,40,0.0,heavy intensity rain,0.0,0
115,carnarvon,AU,2021-11-29 22:00:43,-24.8667,113.6333,69.73,76,0,21.05,clear sky,0.0,0
116,cabo san lucas,MX,2021-11-29 22:00:02,22.8909,-109.9124,84.51,63,100,5.01,overcast clouds,0.0,0
117,talnakh,RU,2021-11-29 22:00:44,69.4865,88.3972,-11.79,96,99,5.91,overcast clouds,0.0,0
118,srinivaspur,IN,2021-11-29 22:00:45,13.3333,78.2167,69.01,93,96,7.54,overcast clouds,0.0,0
119,kishapu,TZ,2021-11-29 22:00:47,-3.6167,33.8667,76.01,55,90,5.55,overcast clouds,0.0,0
120,along,IN,2021-11-29 22:00:49,28.1667,94.7667,52.12,66,81,1.86,broken clouds,0.0,0
121,saint-augustin,CA,2021-11-29 22:00:28,51.226,-58.6502,33.62,75,100,4.72,overcast clouds,0.0,0
122,husainabad,IN,2021-11-29 22:00:50,24.5333,84.0167,58.15,50,67,4.43,broken clouds,0.0,0
123,karratha,AU,2021-11-29 22:00:51,-20.7377,116.8463,80.49,66,2,9.15,light rain,0.0,0
124,sibolga,ID,2021-11-29 22:00:52,1.7427,98.7792,74.53,88,99,2.17,overcast clouds,0.0,0
125,shemordan,RU,2021-11-29 22:00:52,56.1856,50.3972,34.21,96,100,21.77,light snow,0.0,0
126,hamilton,US,2021-11-29 21:57:41,39.1834,-84.5333,43.43,38,51,1.01,broken clouds,0.0,0
127,tucuma,BR,2021-11-29 22:00:54,-0.1833,-50.05,79.74,79,84,7.2,broken clouds,0.0,0
128,gat,IL,2021-11-29 22:00:55,31.61,34.7642,76.78,28,38,9.62,scattered clouds,0.0,0
129,rincon,US,2021-11-29 22:00:55,32.296,-81.2354,57.65,54,40,5.75,scattered clouds,0.0,0
130,saint-joseph,RE,2021-11-29 22:00:56,-21.3667,55.6167,75.56,85,35,8.1,scattered clouds,0.0,0
131,alyangula,AU,2021-11-29 22:00:56,-13.8483,136.4192,85.19,64,17,2.17,few clouds,0.0,0
132,acarau,BR,2021-11-29 21:56:56,-2.8856,-40.12,81.09,78,74,16.42,broken clouds,0.0,0
133,kaitangata,NZ,2021-11-29 22:00:57,-46.2817,169.8464,61.93,56,100,4.16,overcast clouds,0.0,0
134,mayo,US,2021-11-29 22:00:58,38.8876,-76.5119,44.31,57,72,7.0,broken clouds,0.0,0
135,narok,KE,2021-11-29 22:00:59,-1.0783,35.8601,58.77,92,97,5.97,overcast clouds,0.0,0
136,kuala lipis,MY,2021-11-29 22:01:00,4.1842,102.0468,72.86,96,100,0.27,overcast clouds,0.0,0
137,bandar-e lengeh,IR,2021-11-29 22:01:00,26.5579,54.8807,73.18,61,0,2.04,clear sky,0.0,0
138,presidencia roque saenz pena,AR,2021-11-29 22:01:01,-26.7852,-60.4388,76.23,59,0,3.11,clear sky,0.0,0
139,thompson,CA,2021-11-29 22:00:25,55.7435,-97.8558,28.33,94,96,7.25,overcast clouds,0.0,0
140,sambava,MG,2021-11-29 22:01:02,-14.2667,50.1667,75.51,84,35,6.13,light rain,0.0,0
141,atuona,PF,2021-11-29 22:01:03,-9.8,-139.0333,78.89,76,25,22.82,scattered clouds,0.0,0
142,cap-aux-meules,CA,2021-11-29 22:01:03,47.3821,-61.8597,39.56,97,100,26.33,light rain,0.0,0
143,bayir,TR,2021-11-29 22:01:04,37.2687,28.2167,61.32,92,100,5.7,overcast clouds,0.0,0
144,fort-shevchenko,KZ,2021-11-29 22:01:05,44.5086,50.263,47.46,58,1,16.6,clear sky,0.0,0
145,la baule-escoublac,FR,2021-11-29 22:01:05,47.2922,-2.364,36.81,100,90,0.0,fog,0.0,0
146,victoria,HK,2021-11-29 21:57:05,22.2855,114.1577,71.33,71,1,10.0,clear sky,0.0,0
147,pangnirtung,CA,2021-11-29 22:01:07,66.1451,-65.7125,17.87,93,100,5.1,overcast clouds,0.0,0
148,achutupo,PA,2021-11-29 22:01:07,9.2,-77.9833,81.73,82,100,6.62,overcast clouds,0.0,0
149,ixtapa,MX,2021-11-29 22:01:08,20.7,-105.2,83.23,71,1,5.01,clear sky,0.0,0
150,sadiqabad,PK,2021-11-29 22:01:09,28.3062,70.1307,64.27,30,0,7.11,clear sky,0.0,0
151,paamiut,GL,2021-11-29 22:01:09,61.994,-49.6678,32.52,97,100,31.03,snow,0.0,0
152,te anau,NZ,2021-11-29 22:01:10,-45.4167,167.7167,60.19,54,78,1.9,broken clouds,0.0,0
153,waddan,LY,2021-11-29 22:01:11,29.1614,16.139,55.02,14,5,8.7,clear sky,0.0,0
154,narsaq,GL,2021-11-29 22:01:04,60.9167,-46.05,35.82,99,100,9.66,moderate rain,0.0,0
155,taveta,KE,2021-11-29 22:01:12,-3.3963,37.6736,71.01,86,81,6.35,broken clouds,0.0,0
156,namatanai,PG,2021-11-29 22:01:12,-3.6667,152.4333,83.34,72,96,11.65,overcast clouds,0.0,0
157,youhao,CN,2021-11-29 22:01:13,47.8667,128.8333,1.33,99,89,0.18,overcast clouds,0.0,0
158,ranong,TH,2021-11-29 22:01:13,9.9658,98.6348,73.71,96,100,6.87,moderate rain,0.0,0
159,berlevag,NO,2021-11-29 22:01:14,70.8578,29.0864,17.55,73,95,42.57,overcast clouds,0.0,0
160,saint-philippe,RE,2021-11-29 22:01:15,-21.3585,55.7679,76.55,86,59,7.94,broken clouds,0.0,0
161,lebu,CL,2021-11-29 22:01:16,-37.6167,-73.65,56.53,79,81,18.81,broken clouds,0.0,0
162,dikson,RU,2021-11-29 22:01:16,73.5069,80.5464,-14.39,96,100,16.24,overcast clouds,0.0,0
163,butaritari,KI,2021-11-29 22:01:17,3.0707,172.7902,81.37,80,55,11.01,light rain,0.0,0
164,doksy,CZ,2021-11-29 22:01:18,50.5647,14.6555,35.33,87,99,8.23,light snow,0.0,0
165,sicuani,PE,2021-11-29 22:01:18,-14.2694,-71.2261,56.25,63,96,10.36,overcast clouds,0.0,0
166,arraial do cabo,BR,2021-11-29 22:01:19,-22.9661,-42.0278,75.02,88,29,18.9,scattered clouds,0.0,0
167,bonfim,BR,2021-11-29 22:01:19,3.0833,-59.95,85.14,55,78,7.54,broken clouds,0.0,0
168,mackenzie,CA,2021-11-29 22:01:20,55.2999,-123.1698,32.02,96,100,5.55,overcast clouds,0.0,0
169,aden,YE,2021-11-29 22:00:24,12.7794,45.0367,79.77,64,0,6.31,clear sky,0.0,0
170,ayan,RU,2021-11-29 22:01:21,56.45,138.1667,10.71,66,100,8.97,overcast clouds,0.0,0
171,belmonte,BR,2021-11-29 22:01:22,-15.8631,-38.8828,77.79,86,50,14.56,light rain,0.0,0
172,aklavik,CA,2021-11-29 22:01:22,68.2191,-135.0107,-30.28,91,30,3.51,scattered clouds,0.0,0
173,ponta delgada,PT,2021-11-29 22:01:23,37.7333,-25.6667,60.49,63,75,5.75,broken clouds,0.0,0
174,lenger,KZ,2021-11-29 22:01:23,42.183,69.8839,31.44,36,95,5.3,overcast clouds,0.0,0
175,sijunjung,ID,2021-11-29 22:01:24,-0.6876,100.9537,67.93,95,85,2.37,overcast clouds,0.0,0
176,terney,RU,2021-11-29 22:01:24,45.0503,136.6092,26.38,65,93,5.23,overcast clouds,0.0,0
177,henties bay,NA,2021-11-29 22:01:25,-22.116,14.2845,59.86,92,0,5.59,clear sky,0.0,0
178,lata,PT,2021-11-29 22:01:25,40.1629,-8.3327,48.81,87,96,1.79,overcast clouds,0.0,0
179,morden,CA,2021-11-29 22:01:26,49.1919,-98.1014,39.04,83,15,13.44,few clouds,0.0,0
180,xiamen,CN,2021-11-29 21:59:39,24.4798,118.0819,64.45,88,0,2.24,clear sky,0.0,0
181,bonthe,SL,2021-11-29 22:01:27,7.5264,-12.505,79.72,82,100,7.34,light rain,0.0,0
182,flinders,AU,2021-11-29 22:01:28,-34.5833,150.8552,68.2,82,91,1.01,overcast clouds,0.0,0
183,vega de alatorre,MX,2021-11-29 22:01:29,20.0333,-96.6333,73.31,71,48,13.11,scattered clouds,0.0,0
184,chase,CA,2021-11-29 22:01:30,50.8165,-119.6857,41.07,89,95,2.51,overcast clouds,0.0,0
185,venice,US,2021-11-29 21:59:38,27.0998,-82.4543,71.98,69,1,12.66,clear sky,0.0,0
186,kyrksaeterora,NO,2021-11-29 22:01:31,63.2906,9.0891,30.85,81,100,5.12,light snow,0.0,0
187,contamana,PE,2021-11-29 22:01:31,-7.3333,-75.0167,89.74,50,98,5.95,light rain,0.0,0
188,provideniya,RU,2021-11-29 22:00:44,64.3833,-173.3,-1.64,60,0,6.71,clear sky,0.0,0
189,bengkulu,ID,2021-11-29 22:01:32,-3.8004,102.2655,74.91,86,98,9.6,overcast clouds,0.0,0
190,batagay,RU,2021-11-29 22:01:33,67.6333,134.6333,-25.11,100,100,2.15,overcast clouds,0.0,0
191,erenhot,CN,2021-11-29 22:01:33,43.6475,111.9767,15.4,64,0,10.11,clear sky,0.0,0
192,palimbang,PH,2021-11-29 22:01:34,6.2106,124.1894,77.18,87,100,2.57,light rain,0.0,0
193,kaeo,NZ,2021-11-29 22:01:35,-35.1,173.7833,70.43,61,45,6.08,scattered clouds,0.0,0
194,codrington,AU,2021-11-29 22:01:35,-38.2667,141.9667,69.84,43,0,7.96,clear sky,0.0,0
195,nelson bay,AU,2021-11-29 22:01:36,-32.7167,152.15,71.96,84,100,1.99,overcast clouds,0.0,0
196,temir,KZ,2021-11-29 22:01:36,49.1414,57.13,15.94,83,5,6.06,clear sky,0.0,0
197,nantucket,US,2021-11-29 22:01:37,41.2835,-70.0995,39.96,69,75,17.27,broken clouds,0.0,0
198,shingu,JP,2021-11-29 22:01:37,33.7333,135.9833,53.1,82,88,4.38,overcast clouds,0.0,0
199,isangel,VU,2021-11-29 22:01:38,-19.55,169.2667,83.95,68,5,1.45,clear sky,0.0,0
200,constitucion,CL,2021-11-29 22:00:31,-35.3333,-72.4167,60.8,70,5,19.01,clear sky,0.0,0
201,kyra,RU,2021-11-29 22:00:38,49.5776,111.9753,7.84,82,74,5.84,broken clouds,0.0,0
202,guerrero negro,MX,2021-11-29 22:01:40,27.9769,-114.0611,77.63,32,0,10.63,clear sky,0.0,0
203,hasaki,JP,2021-11-29 21:57:00,35.7333,140.8333,30.6,62,20,4.59,few clouds,0.0,0
204,port elizabeth,ZA,2021-11-29 22:01:41,-33.918,25.5701,61.11,86,5,7.43,clear sky,0.0,0
205,yambio,SS,2021-11-29 22:01:41,4.5721,28.3955,68.18,94,100,4.09,moderate rain,0.0,0
206,olafsvik,IS,2021-11-29 22:01:42,64.8945,-23.7142,31.03,94,100,12.26,light snow,0.0,0
207,noyabrsk,RU,2021-11-29 22:01:43,63.1994,75.4507,23.76,94,99,15.46,overcast clouds,0.0,0
208,praia da vitoria,PT,2021-11-29 21:57:17,38.7333,-27.0667,56.75,94,75,5.41,broken clouds,0.0,0
209,kirkwall,GB,2021-11-29 22:01:44,58.9848,-2.9587,42.85,75,75,18.41,broken clouds,0.0,0
210,nikolsk,RU,2021-11-29 22:01:45,53.7189,46.0712,41.31,93,100,20.96,overcast clouds,0.0,0
211,mahebourg,MU,2021-11-29 22:01:05,-20.4081,57.7,74.25,70,0,5.95,clear sky,0.0,0
212,tacuarembo,UY,2021-11-29 22:01:46,-31.7333,-55.9833,71.08,57,3,14.14,clear sky,0.0,0
213,brae,GB,2021-11-29 22:01:46,60.3964,-1.353,40.37,65,73,24.79,broken clouds,0.0,0
214,lompoc,US,2021-11-29 22:01:47,34.6391,-120.4579,87.69,45,1,13.8,clear sky,0.0,0
215,biak,ID,2021-11-29 22:01:47,-0.9131,122.8766,75.78,85,97,2.17,overcast clouds,0.0,0
216,santa helena,BR,2021-11-29 22:01:48,-2.2311,-45.3,76.59,93,73,3.44,broken clouds,0.0,0
217,urengoy,RU,2021-11-29 22:01:49,65.9667,78.3667,2.08,97,100,5.66,overcast clouds,0.0,0
218,rocha,UY,2021-11-29 22:01:50,-34.4833,-54.3333,64.45,96,100,21.3,overcast clouds,0.0,0
219,atar,MR,2021-11-29 22:01:51,20.5169,-13.0499,64.65,27,5,9.98,clear sky,0.0,0
220,sao filipe,CV,2021-11-29 22:01:51,14.8961,-24.4956,75.61,68,96,14.88,overcast clouds,0.0,0
221,port augusta,AU,2021-11-29 22:01:52,-32.5,137.7667,76.71,28,5,1.59,clear sky,0.0,0
222,hatillo,PR,2021-11-29 22:01:52,18.4863,-66.8254,83.01,94,31,4.0,scattered clouds,0.0,0
223,salisbury,GB,2021-11-29 22:01:53,51.0693,-1.7957,45.52,85,99,8.08,overcast clouds,0.0,0
224,merrill,US,2021-11-29 22:01:53,45.1805,-89.6835,34.52,92,90,5.75,snow,0.0,0
225,vysokogornyy,RU,2021-11-29 22:01:54,50.1167,139.15,5.94,96,100,1.81,overcast clouds,0.0,0
226,marzuq,YE,2021-11-29 22:01:54,14.4,46.4667,61.97,40,0,4.25,clear sky,0.0,0
227,dolores,AR,2021-11-29 22:01:55,-36.3132,-57.6792,71.71,45,49,18.28,scattered clouds,0.0,0
228,poum,NC,2021-11-29 22:01:55,-20.2333,164.0167,81.36,78,15,14.16,few clouds,0.0,0
229,sehithwa,BW,2021-11-29 22:01:56,-20.4667,22.7167,80.31,40,73,2.82,broken clouds,0.0,0
230,quatre cocos,MU,2021-11-29 22:01:56,-20.2078,57.7625,74.08,70,0,5.99,clear sky,0.0,0
231,afyonkarahisar,TR,2021-11-29 22:01:57,38.75,30.6667,57.65,62,100,23.26,light rain,0.0,0
232,saskylakh,RU,2021-11-29 22:01:57,71.9167,114.0833,-24.59,100,94,4.38,overcast clouds,0.0,0
233,ponta do sol,PT,2021-11-29 22:01:58,32.6667,-17.1,63.72,69,25,4.56,scattered clouds,0.0,0
234,havre-saint-pierre,CA,2021-11-29 22:01:58,50.2334,-63.5986,32.34,68,100,6.67,overcast clouds,0.0,0
235,maumere,ID,2021-11-29 22:01:59,-8.6199,122.2111,79.97,80,100,2.71,overcast clouds,0.0,0
236,shieli,KZ,2021-11-29 22:00:28,44.1667,66.75,38.43,34,78,3.0,broken clouds,0.0,0
237,yuli,NG,2021-11-29 22:02:00,9.6989,10.2744,77.86,20,17,5.5,few clouds,0.0,0
238,airai,TL,2021-11-29 22:00:20,-8.9266,125.4092,61.95,79,100,1.5,overcast clouds,0.0,0
239,lazaro cardenas,MX,2021-11-29 22:02:01,17.9583,-102.2,82.8,59,10,7.54,clear sky,0.0,0
240,severo-kurilsk,RU,2021-11-29 22:02:02,50.6789,156.125,32.38,78,93,32.26,overcast clouds,0.0,0
241,sao sebastiao,BR,2021-11-29 22:02:02,-23.76,-45.4097,73.99,90,97,4.41,overcast clouds,0.0,0
242,iqaluit,CA,2021-11-29 21:58:03,63.7506,-68.5145,13.73,78,90,17.0,light snow,0.0,0
243,itaituba,BR,2021-11-29 22:02:04,-4.2761,-55.9836,82.26,70,60,1.52,broken clouds,0.0,0
244,kruisfontein,ZA,2021-11-29 21:57:39,-34.0033,24.7314,58.89,86,1,5.73,clear sky,0.0,0
245,monte aprazivel,BR,2021-11-29 22:02:05,-20.7725,-49.7142,75.74,84,100,7.7,moderate rain,0.0,0
246,aranos,NA,2021-11-29 22:02:05,-24.1333,19.1167,70.38,10,0,11.16,clear sky,0.0,0
247,nanortalik,GL,2021-11-29 22:02:06,60.1432,-45.2371,33.58,99,100,17.29,moderate rain,0.0,0
248,sao domingos,BR,2021-11-29 22:02:07,-13.3983,-46.3183,72.84,90,100,3.65,overcast clouds,0.0,0
249,khash,IR,2021-11-29 22:02:08,28.2211,61.2158,53.2,45,84,1.34,broken clouds,0.0,0
250,tilichiki,RU,2021-11-29 22:02:08,60.4667,166.1,28.47,95,100,28.61,snow,0.0,0
251,hithadhoo,MV,2021-11-29 22:02:09,-0.6,73.0833,81.14,79,68,13.82,broken clouds,0.0,0
252,dingle,PH,2021-11-29 22:02:09,10.9995,122.6711,74.43,92,48,5.41,scattered clouds,0.0,0
253,arys,KZ,2021-11-29 22:02:10,42.4252,68.795,37.62,26,100,3.51,overcast clouds,0.0,0
254,morehead,US,2021-11-29 22:02:11,37.2711,-87.1764,47.3,35,1,1.01,clear sky,0.0,0
255,coihaique,CL,2021-11-29 22:02:11,-45.5752,-72.0662,57.81,48,60,9.4,broken clouds,0.0,0
256,oranjemund,NA,2021-11-29 22:02:12,-28.55,16.4333,62.06,93,4,5.79,clear sky,0.0,0
257,vestmannaeyjar,IS,2021-11-29 22:02:13,63.4427,-20.2734,35.87,91,100,34.02,overcast clouds,0.0,0
258,uvira,CD,2021-11-29 22:02:13,-3.4067,29.1458,73.04,80,100,4.21,light rain,0.0,0
259,moa,CU,2021-11-29 22:02:14,20.6569,-74.9403,77.58,77,68,7.07,broken clouds,0.0,0
260,mustasaari,FI,2021-11-29 22:02:15,63.1142,21.6822,14.9,85,0,5.75,clear sky,0.0,0
261,anadyr,RU,2021-11-29 22:02:15,64.75,177.4833,-5.3,84,40,0.0,light snow,0.0,0
262,hambantota,LK,2021-11-29 22:02:16,6.1241,81.1185,77.0,87,85,4.76,overcast clouds,0.0,0
263,kurchum,KZ,2021-11-29 22:02:17,48.5722,83.6542,8.28,83,8,2.77,clear sky,0.0,0
264,meulaboh,ID,2021-11-29 22:02:17,4.1363,96.1285,73.94,93,100,1.97,overcast clouds,0.0,0
265,jumla,NP,2021-11-29 22:02:18,29.2747,82.1838,40.78,19,37,5.5,scattered clouds,0.0,0
266,kalmunai,LK,2021-11-29 22:01:00,7.4167,81.8167,75.81,88,9,0.4,clear sky,0.0,0
267,kijang,KR,2021-11-29 22:02:19,35.2442,129.2139,56.52,76,83,11.68,moderate rain,0.0,0
268,naze,JP,2021-11-29 22:01:08,28.3667,129.4833,68.92,74,88,13.09,overcast clouds,0.0,0
269,konstantinovka,RU,2021-11-29 22:02:20,49.6167,127.9833,9.3,93,100,5.01,overcast clouds,0.0,0
270,ribeira grande,PT,2021-11-29 22:02:21,38.5167,-28.7,62.33,58,26,5.14,scattered clouds,0.0,0
271,wamba,NG,2021-11-29 22:02:22,8.9333,8.6,75.92,27,30,4.94,scattered clouds,0.0,0
272,sao joao da barra,BR,2021-11-29 22:00:24,-21.6403,-41.0511,75.38,91,2,13.42,clear sky,0.0,0
273,yulara,AU,2021-11-29 22:02:23,-25.2406,130.9889,76.66,24,0,3.47,clear sky,0.0,0
274,mokhsogollokh,RU,2021-11-29 22:02:23,61.4681,128.9203,-11.22,99,98,2.93,overcast clouds,0.0,0
275,harrison,US,2021-11-29 22:02:24,30.4091,-89.0436,64.47,37,1,8.05,clear sky,0.0,0
276,jaruco,CU,2021-11-29 22:02:24,23.0431,-82.0108,72.32,69,37,11.61,light rain,0.0,0
277,muhos,FI,2021-11-29 22:02:25,64.808,25.9931,4.78,82,100,7.34,overcast clouds,0.0,0
278,lorengau,PG,2021-11-29 22:02:25,-2.0226,147.2712,83.46,76,100,8.39,overcast clouds,0.0,0
279,owando,CG,2021-11-29 22:02:26,-0.4819,15.8999,71.2,96,92,1.36,overcast clouds,0.0,0
280,gusinoye ozero,RU,2021-11-29 22:02:26,51.1144,106.2614,9.77,88,85,4.0,overcast clouds,0.0,0
281,luderitz,NA,2021-11-29 22:02:27,-26.6481,15.1594,61.0,88,0,11.92,clear sky,0.0,0
282,haimen,CN,2021-11-29 22:02:28,23.1935,116.6142,63.66,74,2,9.26,clear sky,0.0,0
283,carutapera,BR,2021-11-29 22:02:28,-1.195,-46.02,77.47,92,100,5.82,overcast clouds,0.0,0
284,cayenne,GF,2021-11-29 22:00:04,4.9333,-52.3333,82.09,82,0,1.99,clear sky,0.0,0
285,mugango,TZ,2021-11-29 22:02:29,-1.6833,33.7,69.89,79,100,5.46,overcast clouds,0.0,0
286,dwarka,IN,2021-11-29 22:02:30,22.2394,68.9678,76.46,48,78,10.76,broken clouds,0.0,0
287,itoman,JP,2021-11-29 22:02:30,26.1247,127.6694,71.62,78,75,10.36,broken clouds,0.0,0
288,berbera,SO,2021-11-29 22:02:31,10.4396,45.0143,79.77,56,8,5.46,clear sky,0.0,0
289,claremore,US,2021-11-29 21:59:15,36.3126,-95.6161,72.34,47,1,4.0,clear sky,0.0,0
290,touros,BR,2021-11-29 22:02:32,-5.1989,-35.4608,80.17,76,14,12.33,few clouds,0.0,0
291,prince albert,CA,2021-11-29 22:00:25,53.2001,-105.7677,32.52,88,15,8.95,few clouds,0.0,0
292,tombouctou,ML,2021-11-29 22:02:33,20.0,-3.0,69.71,26,0,13.78,clear sky,0.0,0
293,ileza,RU,2021-11-29 22:02:34,61.0533,43.9002,13.59,93,100,10.65,overcast clouds,0.0,0
294,mangan,IN,2021-11-29 22:02:35,27.5167,88.5333,57.02,46,39,5.3,scattered clouds,0.0,0
295,road town,VG,2021-11-29 22:02:36,18.4167,-64.6167,80.01,74,11,12.53,few clouds,0.0,0
296,torbay,CA,2021-11-29 22:02:37,47.6666,-52.7314,44.58,88,84,8.9,broken clouds,0.0,0
297,columbus,US,2021-11-29 21:57:57,39.9612,-82.9988,40.86,49,75,6.91,broken clouds,0.0,0
298,smithers,CA,2021-11-29 22:02:38,54.7804,-127.1743,26.92,93,90,4.61,light snow,0.0,0
299,tiksi,RU,2021-11-29 22:02:38,71.6872,128.8694,-22.58,100,95,5.97,overcast clouds,0.0,0
300,oxelosund,SE,2021-11-29 22:02:39,58.6706,17.1015,20.52,96,0,6.91,clear sky,0.0,0
301,khorixas,NA,2021-11-29 22:02:39,-20.3667,14.9667,69.28,21,14,5.86,few clouds,0.0,0
302,rio grande,BR,2021-11-29 21:59:40,-32.035,-52.0986,77.11,79,96,25.41,light rain,0.0,0
303,mangochi,MW,2021-11-29 22:02:41,-14.4782,35.2645,79.23,49,61,3.85,broken clouds,0.0,0
304,lander,US,2021-11-29 22:02:41,42.833,-108.7307,61.2,27,1,3.44,clear sky,0.0,0
305,taubate,BR,2021-11-29 22:02:42,-23.0264,-45.5553,77.41,63,99,0.67,overcast clouds,0.0,0
306,korla,CN,2021-11-29 22:00:29,41.7597,86.1469,22.17,75,8,5.88,clear sky,0.0,0
307,berdigestyakh,RU,2021-11-29 22:02:08,62.0989,126.6992,-17.0,100,97,2.19,overcast clouds,0.0,0
308,luanda,AO,2021-11-29 22:02:44,-8.8368,13.2343,78.3,83,100,7.23,overcast clouds,0.0,0
309,palmer,US,2021-11-29 22:02:45,42.1584,-72.3287,36.21,60,20,1.01,few clouds,0.0,0
310,kondoa,TZ,2021-11-29 22:02:45,-4.9,35.7833,64.53,85,98,3.13,light rain,0.0,0
311,eydhafushi,MV,2021-11-29 22:02:46,5.1033,73.0708,79.43,82,100,11.36,overcast clouds,0.0,0
312,college,US,2021-11-29 22:00:09,64.8569,-147.8028,-7.78,72,94,2.42,overcast clouds,0.0,0
313,strezhevoy,RU,2021-11-29 22:02:47,60.7333,77.5889,24.78,93,100,11.23,overcast clouds,0.0,0
314,kamen-na-obi,RU,2021-11-29 22:02:47,53.7884,81.3423,10.71,88,100,5.86,overcast clouds,0.0,0
315,buwenge,UG,2021-11-29 22:02:48,0.6422,33.1744,65.03,97,99,2.13,light rain,0.0,0
316,port hedland,AU,2021-11-29 22:02:49,-20.3167,118.5667,71.65,94,1,6.91,clear sky,0.0,0
317,aras,ES,2021-11-29 22:02:50,42.5617,-2.356,45.72,93,40,8.05,scattered clouds,0.0,0
318,formosa do rio preto,BR,2021-11-29 22:02:50,-11.0483,-45.1931,70.47,98,100,1.39,light rain,0.0,0
319,cabadiangan,PH,2021-11-29 22:02:51,9.7531,122.4739,76.32,89,63,4.85,broken clouds,0.0,0
320,novikovo,RU,2021-11-29 22:02:51,51.1537,37.8879,53.87,82,100,25.23,overcast clouds,0.0,0
321,astana,KZ,2021-11-29 22:02:52,51.1801,71.446,12.15,73,0,6.71,clear sky,0.0,0
322,faya,SA,2021-11-29 22:02:53,18.3851,42.4509,52.32,49,0,5.95,clear sky,0.0,0
323,ahuimanu,US,2021-11-29 22:02:53,21.4447,-157.8378,77.86,79,90,20.71,moderate rain,0.0,0
324,danville,US,2021-11-29 22:02:54,36.586,-79.395,44.33,39,1,5.75,clear sky,0.0,0
325,tuatapere,NZ,2021-11-29 22:02:55,-46.1333,167.6833,56.82,63,100,4.61,overcast clouds,0.0,0
326,klaksvik,FO,2021-11-29 22:02:56,62.2266,-6.589,36.52,58,100,18.45,overcast clouds,0.0,0
327,walvis bay,NA,2021-11-29 22:02:56,-22.9575,14.5053,60.1,82,0,10.85,clear sky,0.0,0
328,bud,US,2021-11-29 22:02:57,39.447,-86.1758,44.62,38,83,9.15,broken clouds,0.0,0
329,mildura,AU,2021-11-29 21:58:48,-34.2,142.15,79.07,44,40,4.61,scattered clouds,0.0,0
330,ketchikan,US,2021-11-29 22:02:58,55.3422,-131.6461,34.27,93,90,0.0,light snow,0.0,0
331,lujan,AR,2021-11-29 22:00:03,-34.5703,-59.105,77.02,49,9,4.0,clear sky,0.0,0
332,isiro,CD,2021-11-29 22:02:59,2.7739,27.616,66.07,100,100,0.49,moderate rain,0.0,0
333,luba,GQ,2021-11-29 22:02:59,3.4568,8.5547,80.13,84,85,7.47,overcast clouds,0.0,0
334,ondangwa,NA,2021-11-29 22:03:00,-17.9167,15.95,76.14,47,34,12.82,scattered clouds,0.0,0
335,tete,MZ,2021-11-29 22:00:33,-16.1564,33.5867,77.09,41,0,0.0,clear sky,0.0,0
336,ugoofaaru,MV,2021-11-29 22:03:01,5.6667,73.0,78.06,87,100,11.7,overcast clouds,0.0,0
337,arzgir,RU,2021-11-29 22:03:01,45.3728,44.2206,47.59,90,68,14.07,broken clouds,0.0,0
338,kawalu,ID,2021-11-29 22:03:02,-7.3817,108.2082,71.69,94,93,0.89,overcast clouds,0.0,0
339,leh,IN,2021-11-29 22:03:02,34.1667,77.5833,16.47,58,99,2.19,overcast clouds,0.0,0
340,maues,BR,2021-11-29 22:03:03,-3.3836,-57.7186,80.94,78,100,2.84,overcast clouds,0.0,0
341,buala,SB,2021-11-29 22:03:03,-8.145,159.5921,83.7,75,98,6.29,light rain,0.0,0
342,buchanan,LR,2021-11-29 22:03:04,5.8808,-10.0467,79.54,82,99,6.44,overcast clouds,0.0,0
343,iquitos,PE,2021-11-29 22:03:05,-3.7481,-73.2472,74.5,99,100,1.95,overcast clouds,0.0,0
344,valley station,US,2021-11-29 22:03:05,38.1112,-85.8702,47.05,32,75,1.01,broken clouds,0.0,0
345,derazhnya,UA,2021-11-29 22:03:06,49.2692,27.4338,33.46,75,72,18.92,broken clouds,0.0,0
346,kobryn,BY,2021-11-29 22:03:07,52.2138,24.3564,32.22,92,100,18.86,light snow,0.0,0
347,lahij,YE,2021-11-29 22:03:08,13.1667,44.5833,72.07,69,0,2.28,clear sky,0.0,0
348,rosetta,EG,2021-11-29 22:03:08,31.4044,30.4164,71.6,50,100,4.97,overcast clouds,0.0,0
349,vila franca do campo,PT,2021-11-29 22:03:09,37.7167,-25.4333,60.19,75,62,5.32,broken clouds,0.0,0
350,namanga,KE,2021-11-29 22:03:10,-2.5433,36.7905,66.87,84,100,7.09,overcast clouds,0.0,0
351,vila velha,BR,2021-11-29 22:00:24,-20.3297,-40.2925,78.94,88,63,8.01,broken clouds,0.0,0
352,la serena,CL,2021-11-29 22:01:07,-29.9078,-71.2542,63.34,73,49,4.9,scattered clouds,0.0,0
353,chiang mai,TH,2021-11-29 22:03:12,18.75,99.0,67.33,94,20,2.3,few clouds,0.0,0
354,guiratinga,BR,2021-11-29 22:03:13,-16.3494,-53.7583,75.99,87,92,2.13,overcast clouds,0.0,0
355,gandai,IN,2021-11-29 22:03:13,21.6667,81.1,59.63,50,81,4.14,broken clouds,0.0,0
356,tiznit,MA,2021-11-29 22:03:14,29.5833,-9.5,56.61,43,0,0.98,clear sky,0.0,0
357,haapiti,PF,2021-11-29 22:03:14,-17.5667,-149.8667,83.71,78,94,18.32,light rain,0.0,0
358,manteca,US,2021-11-29 22:03:15,37.7974,-121.216,72.7,63,1,3.44,clear sky,0.0,0
359,kuldur,RU,2021-11-29 22:03:16,49.2167,131.6333,0.28,91,86,3.0,overcast clouds,0.0,0
360,viedma,AR,2021-11-29 22:03:17,-40.8135,-62.9967,68.63,35,0,12.73,clear sky,0.0,0
361,santa isabel,BR,2021-11-29 21:59:44,-23.3156,-46.2214,87.51,73,100,5.08,overcast clouds,0.0,0
362,geraldton,AU,2021-11-29 22:03:18,-28.7667,114.6,64.81,68,90,13.8,overcast clouds,0.0,0
363,padang,ID,2021-11-29 22:03:19,-0.9492,100.3543,75.56,87,64,3.11,broken clouds,0.0,0
364,yar-sale,RU,2021-11-29 22:03:19,66.8333,70.8333,-0.31,97,96,8.05,overcast clouds,0.0,0
365,neftegorsk,RU,2021-11-29 22:03:20,52.802,51.166,32.88,80,100,18.99,overcast clouds,0.0,0
366,bambanglipuro,ID,2021-11-29 22:03:20,-7.95,110.2833,74.75,86,86,2.33,overcast clouds,0.0,0
367,vostok,RU,2021-11-29 22:03:22,46.4856,135.8833,11.64,92,100,1.97,overcast clouds,0.0,0
368,aksarka,RU,2021-11-29 22:03:22,66.5606,67.7975,-2.18,98,97,5.84,overcast clouds,0.0,0
369,kautokeino,NO,2021-11-29 22:03:23,69.0125,23.0412,-10.37,100,100,2.77,overcast clouds,0.0,0
370,papara,BR,2021-11-29 22:03:23,-3.9839,-38.7273,82.72,79,13,4.0,few clouds,0.0,0
371,magalia,US,2021-11-29 22:03:24,39.8121,-121.5783,67.12,52,1,3.31,clear sky,0.0,0
372,sharjah,AE,2021-11-29 22:03:24,25.3573,55.4033,76.24,64,20,4.61,few clouds,0.0,0
373,soyo,AO,2021-11-29 22:03:25,-6.1349,12.3689,79.43,88,100,8.88,light rain,0.0,0
374,mount isa,AU,2021-11-29 22:00:07,-20.7333,139.5,82.17,24,16,4.61,few clouds,0.0,0
375,gao,ML,2021-11-29 22:03:27,16.6362,1.637,78.39,13,100,10.92,overcast clouds,0.0,0
376,sumbe,AO,2021-11-29 22:03:27,-11.2061,13.8437,77.79,86,99,7.56,overcast clouds,0.0,0
377,vardo,NO,2021-11-29 22:03:28,70.3705,31.1107,22.98,74,75,16.11,broken clouds,0.0,0
378,waingapu,ID,2021-11-29 22:03:29,-9.6567,120.2641,79.38,82,100,6.08,overcast clouds,0.0,0
379,moerai,PF,2021-11-29 22:03:30,-22.4333,-151.3333,77.04,82,100,8.43,moderate rain,0.0,0
380,galesong,ID,2021-11-29 22:03:30,-5.3166,119.3661,75.22,79,100,3.78,overcast clouds,0.0,0
381,husavik,IS,2021-11-29 22:03:31,66.0449,-17.3389,24.12,86,100,10.78,light snow,0.0,0
382,cascais,PT,2021-11-29 22:03:31,38.6979,-9.4215,57.51,68,77,15.01,broken clouds,0.0,0
383,deder,ET,2021-11-29 22:03:32,9.3167,41.45,52.57,40,21,5.17,few clouds,0.0,0
384,bahia honda,CU,2021-11-29 22:03:32,22.9036,-83.1592,73.76,70,75,11.41,broken clouds,0.0,0
385,litovko,RU,2021-11-29 22:03:33,49.2361,135.1742,4.98,95,100,3.04,overcast clouds,0.0,0
386,orsha,BY,2021-11-29 22:03:34,54.5153,30.4053,39.6,99,100,3.87,light rain,0.0,0
387,coquimbo,CL,2021-11-29 22:03:34,-29.9533,-71.3436,62.33,77,40,11.5,scattered clouds,0.0,0
388,rocky mountain house,CA,2021-11-29 22:03:32,52.3668,-114.9188,39.83,46,0,4.07,clear sky,0.0,0
389,balkhash,KZ,2021-11-29 22:03:36,46.844,74.9804,23.72,66,2,8.66,clear sky,0.0,0
390,agrestina,BR,2021-11-29 22:03:18,-8.4581,-35.9447,75.25,77,61,11.07,broken clouds,0.0,0
391,yenagoa,NG,2021-11-29 22:03:37,4.9247,6.2642,76.33,93,77,4.54,broken clouds,0.0,0
392,riyadh,SA,2021-11-29 22:03:39,24.6877,46.7219,59.14,29,0,6.4,clear sky,0.0,0
393,kuala terengganu,MY,2021-11-29 22:03:39,5.3302,103.1408,76.91,89,100,4.03,overcast clouds,0.0,0
394,baoning,CN,2021-11-29 22:03:40,25.3378,110.026,53.44,86,80,6.4,broken clouds,0.0,0
395,alcacer do sal,PT,2021-11-29 22:03:41,38.3733,-8.5144,56.88,91,17,2.95,few clouds,0.0,0
396,buraydah,SA,2021-11-29 22:03:42,26.326,43.975,59.94,25,0,3.91,clear sky,0.0,0
397,caravelas,BR,2021-11-29 22:03:42,-17.7125,-39.2481,78.78,81,2,15.08,clear sky,0.0,0
398,puerto leguizamo,CO,2021-11-29 22:03:43,-0.1934,-74.7819,76.84,95,100,1.45,overcast clouds,0.0,0
399,pascagoula,US,2021-11-29 22:03:43,30.3658,-88.5561,62.64,41,1,9.22,clear sky,0.0,0
400,chadiza,ZM,2021-11-29 22:03:44,-14.0678,32.4392,70.27,35,14,3.74,few clouds,0.0,0
401,tapiramuta,BR,2021-11-29 22:03:45,-11.8472,-40.7914,69.76,75,94,2.66,overcast clouds,0.0,0
402,borzna,UA,2021-11-29 22:03:45,51.2546,32.4269,43.27,84,100,22.19,overcast clouds,0.0,0
403,salalah,OM,2021-11-29 22:03:46,17.0151,54.0924,78.89,27,0,13.8,clear sky,0.0,0
404,praia,CV,2021-11-29 22:03:46,14.9215,-23.5087,73.94,73,40,23.02,scattered clouds,0.0,0
405,xichang,CN,2021-11-29 22:03:47,27.8964,102.2634,45.1,85,100,3.47,overcast clouds,0.0,0
406,kidodi,TZ,2021-11-29 22:03:48,-7.6036,37.0044,72.48,93,70,2.15,light rain,0.0,0
407,diplo,PK,2021-11-29 22:03:48,24.4667,69.584,71.89,39,76,7.63,broken clouds,0.0,0
408,san vicente,AR,2021-11-29 22:03:00,-26.6167,-54.1333,68.81,48,0,4.21,clear sky,0.0,0
409,potsdam,DE,2021-11-29 22:03:49,52.3989,13.0657,39.29,95,94,1.99,overcast clouds,0.0,0
410,varhaug,NO,2021-11-29 22:03:50,58.6147,5.6457,38.89,96,100,21.45,light rain,0.0,0
411,troy,US,2021-11-29 22:01:34,42.6056,-83.1499,37.35,70,75,1.01,broken clouds,0.0,0
412,emerald,AU,2021-11-29 22:03:51,-23.5333,148.1667,77.99,81,75,4.61,moderate rain,0.0,0
413,beboto,TD,2021-11-29 22:03:51,8.2668,16.939,77.83,27,42,3.09,scattered clouds,0.0,0
414,maridi,SS,2021-11-29 22:03:52,4.9158,29.4742,68.83,89,88,3.87,light rain,0.0,0
415,grand gaube,MU,2021-11-29 22:03:52,-20.0064,57.6608,74.37,72,0,4.0,clear sky,0.0,0
416,bubaque,GW,2021-11-29 22:03:53,11.2833,-15.8333,82.98,62,81,12.48,broken clouds,0.0,0
417,sioux lookout,CA,2021-11-29 22:03:53,50.1001,-91.917,24.76,98,100,3.15,overcast clouds,0.0,0
418,srandakan,ID,2021-11-29 22:03:54,-7.9386,110.2506,74.86,85,84,2.71,broken clouds,0.0,0
419,fare,PF,2021-11-29 22:01:56,-16.7,-151.0167,80.8,77,100,14.45,light rain,0.0,0
420,chara,RU,2021-11-29 22:03:55,56.9064,118.2631,-8.7,80,100,1.48,overcast clouds,0.0,0
421,saint-francois,FR,2021-11-29 22:03:55,46.4154,3.9054,35.04,87,90,3.44,overcast clouds,0.0,0
422,buguda,IN,2021-11-29 22:03:56,19.8167,84.8,63.03,63,45,3.83,scattered clouds,0.0,0
423,porto novo,BJ,2021-11-29 22:00:40,6.4965,2.6036,80.15,80,95,6.62,overcast clouds,0.0,0
424,kralendijk,BQ,2021-11-29 22:03:57,12.15,-68.2667,82.38,78,40,16.11,scattered clouds,0.0,0
425,sal rei,CV,2021-11-29 22:03:57,16.1833,-22.9167,72.16,68,89,23.33,overcast clouds,0.0,0
426,kaputa,ZM,2021-11-29 22:03:58,-8.4689,29.6619,71.51,74,15,1.68,few clouds,0.0,0
427,tautira,PF,2021-11-29 22:01:55,-17.7333,-149.15,84.22,79,98,18.01,light rain,0.0,0
428,baker city,US,2021-11-29 21:59:11,44.7749,-117.8344,48.83,86,87,2.24,overcast clouds,0.0,0
429,horsham,GB,2021-11-29 22:04:00,51.064,-0.3272,42.94,74,75,9.22,broken clouds,0.0,0
430,palmira,CO,2021-11-29 22:01:45,3.5394,-76.3036,69.37,94,100,2.68,overcast clouds,0.0,0
431,bonavista,CA,2021-11-29 22:04:01,48.6499,-53.1147,40.12,87,87,9.06,overcast clouds,0.0,0
432,raga,SS,2021-11-29 22:04:01,8.4596,25.678,80.76,37,56,0.67,broken clouds,0.0,0
433,ostrovnoy,RU,2021-11-29 22:04:02,68.0531,39.5131,6.58,77,79,5.3,broken clouds,0.0,0
434,acapulco,MX,2021-11-29 22:03:55,16.8634,-99.8901,85.82,66,1,9.22,clear sky,0.0,0
435,kulhudhuffushi,MV,2021-11-29 22:04:03,6.6221,73.07,78.53,87,100,15.7,overcast clouds,0.0,0
436,tezu,IN,2021-11-29 22:04:03,27.9167,96.1667,61.2,49,79,3.89,broken clouds,0.0,0
437,boende,CD,2021-11-29 22:04:04,-0.2167,20.8667,69.51,98,99,1.25,overcast clouds,0.0,0
438,wawa,NG,2021-11-29 22:04:04,9.9022,4.4192,80.19,26,69,2.66,broken clouds,0.0,0
439,batagay-alyta,RU,2021-11-29 22:04:05,67.8006,130.4114,-22.07,97,98,3.89,overcast clouds,0.0,0
440,wajid,SO,2021-11-29 22:04:05,3.8093,43.2471,76.39,52,95,12.41,overcast clouds,0.0,0
441,fethiye,TR,2021-11-29 22:04:06,36.6217,29.1164,69.67,82,100,10.71,overcast clouds,0.0,0
442,kalabo,ZM,2021-11-29 22:04:07,-14.97,22.6814,71.69,76,100,5.37,overcast clouds,0.0,0
443,esna,EG,2021-11-29 22:04:08,25.2934,32.554,74.64,28,4,1.41,clear sky,0.0,0
444,nago,JP,2021-11-29 22:04:08,26.5881,127.9761,71.67,79,49,13.94,scattered clouds,0.0,0
445,ossora,RU,2021-11-29 22:04:09,59.2353,163.0719,13.77,84,100,4.9,overcast clouds,0.0,0
446,trelew,AR,2021-11-29 22:04:10,-43.249,-65.3051,65.17,43,1,15.52,clear sky,0.0,0
447,morondava,MG,2021-11-29 22:04:10,-20.2833,44.2833,74.73,80,0,4.56,clear sky,0.0,0
448,ishigaki,JP,2021-11-29 22:04:11,24.3448,124.1572,74.73,76,98,15.64,overcast clouds,0.0,0
449,revelstoke,CA,2021-11-29 22:03:41,50.9832,-118.2023,45.95,96,100,2.73,overcast clouds,0.0,0
450,los llanos de aridane,ES,2021-11-29 22:04:12,28.6585,-17.9182,62.35,84,75,17.27,broken clouds,0.0,0
451,lasa,IT,2021-11-29 22:04:12,46.6166,10.7002,30.11,94,52,7.29,broken clouds,0.0,0
452,aketi,CD,2021-11-29 22:04:13,2.7388,23.7833,70.54,99,100,1.83,light rain,0.0,0
453,dalbandin,PK,2021-11-29 22:00:46,28.8947,64.4101,58.14,27,11,1.36,few clouds,0.0,0
454,coahuayana,MX,2021-11-29 22:04:14,18.7333,-103.6833,92.68,46,5,5.66,clear sky,0.0,0
455,carlagan,PH,2021-11-29 22:04:14,14.975,122.0456,78.62,85,45,2.15,scattered clouds,0.0,0
456,bam,IR,2021-11-29 22:04:15,29.106,58.357,58.51,34,76,0.22,broken clouds,0.0,0
457,san cristobal,VE,2021-11-29 22:02:19,7.7669,-72.225,73.31,76,99,3.83,overcast clouds,0.0,0
458,gweta,BW,2021-11-29 22:04:16,-20.1833,25.2333,83.88,33,62,5.32,broken clouds,0.0,0
459,nanga eboko,CM,2021-11-29 22:04:16,4.6833,12.3667,70.65,73,75,1.36,broken clouds,0.0,0
460,butembo,CD,2021-11-29 22:04:17,0.15,29.2833,57.38,88,100,2.8,overcast clouds,0.0,0
461,cabedelo,BR,2021-11-29 22:00:37,-6.9811,-34.8339,80.53,75,42,11.77,scattered clouds,0.0,0
462,jawhar,SO,2021-11-29 22:04:18,2.7809,45.5005,76.24,83,17,10.98,few clouds,0.0,0
463,carberry,CA,2021-11-29 22:04:18,49.8689,-99.3602,34.65,84,9,11.16,clear sky,0.0,0
464,muros,ES,2021-11-29 22:04:20,42.7762,-9.0603,51.98,94,100,5.32,light rain,0.0,0
465,iquique,CL,2021-11-29 22:02:27,-20.2208,-70.1431,65.28,73,16,4.16,few clouds,0.0,0
466,kununurra,AU,2021-11-29 22:04:21,-15.7667,128.7333,78.78,73,55,5.75,broken clouds,0.0,0
467,puerto del rosario,ES,2021-11-29 22:04:22,28.5004,-13.8627,65.95,63,20,20.71,few clouds,0.0,0
468,am timan,TD,2021-11-29 22:04:22,11.0297,20.2827,79.84,21,28,5.48,scattered clouds,0.0,0
469,semnan,IR,2021-11-29 22:00:58,35.5729,53.3971,46.78,57,2,0.81,clear sky,0.0,0
470,tecoanapa,MX,2021-11-29 22:04:24,16.5167,-98.75,83.34,64,16,8.55,few clouds,0.0,0
471,charters towers,AU,2021-11-29 22:04:24,-20.1,146.2667,78.85,70,48,11.79,scattered clouds,0.0,0
472,gornopravdinsk,RU,2021-11-29 22:04:25,60.05,69.9,23.97,97,95,8.68,overcast clouds,0.0,0
473,saint john,CA,2021-11-29 22:04:25,45.2727,-66.0677,28.18,94,100,15.93,overcast clouds,0.0,0
474,belaya gora,RU,2021-11-29 22:04:26,68.5333,146.4167,-10.26,99,100,5.68,overcast clouds,0.0,0
475,barcelos,PT,2021-11-29 22:04:26,41.5388,-8.6151,50.85,85,100,2.93,overcast clouds,0.0,0
476,werdau,DE,2021-11-29 22:04:27,50.7333,12.3833,34.9,84,100,11.95,light snow,0.0,0
477,corinto,GR,2021-11-29 22:02:55,37.9407,22.9573,62.69,67,4,23.87,clear sky,0.0,0
478,cairns,AU,2021-11-29 22:04:29,-16.9167,145.7667,85.06,85,83,6.91,broken clouds,0.0,0
479,margate,GB,2021-11-29 22:01:10,51.3813,1.3862,40.03,76,77,1.99,broken clouds,0.0,0
480,rawson,AR,2021-11-29 22:00:23,-43.3002,-65.1023,62.02,52,1,13.38,clear sky,0.0,0
481,nome,US,2021-11-29 22:04:05,64.5011,-165.4064,-5.73,54,1,8.05,clear sky,0.0,0
482,manhattan,US,2021-11-29 22:04:02,40.7834,-73.9662,40.89,56,75,4.61,broken clouds,0.0,0
483,bontang,ID,2021-11-29 22:04:33,0.1333,117.5,75.07,89,97,4.14,overcast clouds,0.0,0
484,port townsend,US,2021-11-29 22:04:33,48.117,-122.7605,60.17,96,90,7.0,overcast clouds,0.0,0
485,ilulissat,GL,2021-11-29 22:04:34,69.2167,-51.1,32.02,86,90,2.3,light snow,0.0,0
486,bo phloi,TH,2021-11-29 22:04:34,14.3236,99.5161,72.5,75,100,10.09,overcast clouds,0.0,0
487,krasnoselkup,RU,2021-11-29 22:04:35,65.7,82.4667,6.33,96,100,9.93,light snow,0.0,0
488,yelovo,RU,2021-11-29 22:04:35,57.0538,54.9207,34.07,92,100,13.42,overcast clouds,0.0,0
489,mocuba,MZ,2021-11-29 22:04:36,-16.8392,36.9856,66.97,77,9,2.35,clear sky,0.0,0
490,zhuhai,CN,2021-11-29 22:00:12,22.2769,113.5678,71.06,68,0,18.41,clear sky,0.0,0
491,san quintin,MX,2021-11-29 22:04:37,30.4833,-115.95,69.57,54,0,11.36,clear sky,0.0,0
492,gornozavodsk,RU,2021-11-29 22:04:38,58.3758,58.3211,31.15,98,100,4.94,overcast clouds,0.0,0
493,waipawa,NZ,2021-11-29 22:00:36,-41.4122,175.5153,61.45,86,100,2.75,moderate rain,0.0,0
494,drexel heights,US,2021-11-29 22:04:39,32.1412,-111.0284,81.91,17,1,4.0,clear sky,0.0,0
495,maine-soroa,NE,2021-11-29 22:04:39,13.2114,12.0241,75.65,13,8,9.78,clear sky,0.0,0
496,sergiyevsk,RU,2021-11-29 22:04:40,53.9413,51.165,33.53,83,100,18.7,overcast clouds,0.0,0
497,ibra,OM,2021-11-29 22:04:40,22.6906,58.5334,63.84,89,0,1.12,clear sky,0.0,0
498,gaoua,BF,2021-11-29 22:04:41,10.2992,-3.2508,80.87,16,100,4.03,overcast clouds,0.0,0
499,sinnamary,GF,2021-11-29 22:04:42,5.3833,-52.95,78.66,88,100,7.16,overcast clouds,0.0,0
500,comodoro rivadavia,AR,2021-11-29 22:04:42,-45.8667,-67.5,71.46,21,0,12.66,clear sky,0.0,0
501,sept-iles,CA,2021-11-29 22:04:07,50.2001,-66.3821,27.05,79,43,1.99,scattered clouds,0.0,0
502,tiarei,PF,2021-11-29 22:04:43,-17.5333,-149.3333,84.0,78,98,16.75,light rain,0.0,0
503,asau,RO,2021-11-29 22:04:44,46.4333,26.4,36.75,84,25,5.41,scattered clouds,0.0,0
504,lakatoro,VU,2021-11-29 22:04:44,-16.0999,167.4164,83.68,71,79,7.16,heavy intensity rain,0.0,0
505,kavaratti,IN,2021-11-29 22:04:45,10.5669,72.642,80.89,79,91,12.39,overcast clouds,0.0,0
506,benxi,CN,2021-11-29 22:04:45,41.2886,123.765,25.12,96,100,6.11,snow,0.0,0
507,fortuna,US,2021-11-29 22:04:46,40.5982,-124.1573,61.41,100,75,3.44,broken clouds,0.0,0
508,port-gentil,GA,2021-11-29 22:04:46,-0.7193,8.7815,80.11,84,100,14.67,overcast clouds,0.0,0
509,kremenchuk,UA,2021-11-29 22:04:47,49.0973,33.4197,47.62,78,100,19.24,overcast clouds,0.0,0
510,constantine,DZ,2021-11-29 22:04:47,36.365,6.6147,44.33,90,99,3.11,overcast clouds,0.0,0
511,petropavlovsk-kamchatskiy,RU,2021-11-29 22:02:59,53.0452,158.6483,19.99,93,90,13.42,shower snow,0.0,0
512,prozor,BA,2021-11-29 22:04:48,43.8222,17.6092,31.1,96,100,7.43,light snow,0.0,0
513,aksu,CN,2021-11-29 22:04:49,41.1231,80.2644,23.7,52,52,1.41,broken clouds,0.0,0
514,portland,US,2021-11-29 22:02:13,45.5234,-122.6762,60.73,92,90,1.01,light intensity drizzle,0.0,0
515,dali,CN,2021-11-29 22:04:50,25.7,100.1833,44.01,86,51,2.77,broken clouds,0.0,0
516,conceicao do araguaia,BR,2021-11-29 22:04:50,-8.2578,-49.2647,76.19,90,100,1.01,overcast clouds,0.0,0
517,hanstholm,DK,2021-11-29 22:04:51,57.1167,8.6167,32.68,95,100,20.02,light snow,0.0,0
518,chake chake,TZ,2021-11-29 22:04:51,-5.2459,39.7666,77.77,87,91,6.08,light rain,0.0,0
519,samarai,PG,2021-11-29 22:04:52,-10.6167,150.6667,83.8,78,29,7.9,scattered clouds,0.0,0
520,nushki,PK,2021-11-29 22:00:51,29.5542,66.0215,56.53,32,88,4.47,overcast clouds,0.0,0
521,ulaangom,MN,2021-11-29 22:04:54,49.9811,92.0667,9.07,86,95,4.47,overcast clouds,0.0,0
522,terrace,CA,2021-11-29 22:04:14,54.5163,-128.6035,31.91,100,90,2.3,snow,0.0,0
523,christchurch,NZ,2021-11-29 22:04:55,-43.5333,172.6333,63.91,76,90,4.0,overcast clouds,0.0,0
524,harper,LR,2021-11-29 22:04:55,4.375,-7.7169,79.83,78,100,6.38,overcast clouds,0.0,0
525,morro bay,US,2021-11-29 22:04:56,35.3658,-120.8499,85.24,49,0,1.99,clear sky,0.0,0
526,zelenets,RU,2021-11-29 22:04:56,61.8849,50.7489,10.65,97,100,5.91,overcast clouds,0.0,0
527,quang ngai,VN,2021-11-29 22:03:55,15.1167,108.8,73.33,96,100,13.11,overcast clouds,0.0,0
528,igarka,RU,2021-11-29 22:04:58,67.4667,86.5833,-2.04,97,100,11.81,light snow,0.0,0
529,sidney,AU,2021-11-29 22:03:19,-33.8679,151.2073,69.62,82,75,1.01,broken clouds,0.0,0
530,beringovskiy,RU,2021-11-29 22:04:59,63.05,179.3167,6.22,95,99,7.27,overcast clouds,0.0,0
531,vallenar,CL,2021-11-29 22:04:59,-28.5708,-70.7581,74.8,37,0,7.05,clear sky,0.0,0
532,atascadero,US,2021-11-29 22:05:00,35.4894,-120.6707,82.35,25,0,3.0,clear sky,0.0,0
533,rehoboth,NA,2021-11-29 22:05:00,-23.3167,17.0833,67.35,17,0,8.1,clear sky,0.0,0
534,kachug,RU,2021-11-29 22:05:01,53.9606,105.8817,14.88,94,100,3.06,overcast clouds,0.0,0
535,udachnyy,RU,2021-11-29 22:03:07,66.4167,112.4,-34.4,100,99,2.86,overcast clouds,0.0,0
536,kargopol,RU,2021-11-29 22:05:03,61.5071,38.9456,13.95,94,100,11.97,light snow,0.0,0
537,brzesko,PL,2021-11-29 22:05:03,49.9691,20.6061,35.26,85,92,8.01,overcast clouds,0.0,0
538,inta,RU,2021-11-29 22:05:04,66.0317,60.1659,6.94,96,98,8.16,overcast clouds,0.0,0
539,bindi,SL,2021-11-29 22:04:05,9.9167,-11.45,75.0,43,77,0.65,broken clouds,0.0,0
540,zyryanka,RU,2021-11-29 22:05:05,65.75,150.85,-22.94,100,100,1.54,overcast clouds,0.0,0
541,bahia blanca,AR,2021-11-29 22:05:06,-38.7196,-62.2724,69.19,44,0,12.35,clear sky,0.0,0
542,ambon,ID,2021-11-29 22:05:06,-3.6954,128.1814,81.68,78,98,5.66,overcast clouds,0.0,0
543,yangambi,CD,2021-11-29 22:05:07,0.8102,24.4336,70.5,99,100,1.81,light rain,0.0,0
544,vestmanna,FO,2021-11-29 22:05:07,62.1564,-7.1664,34.72,64,75,5.75,broken clouds,0.0,0
545,alfredo baquerizo moreno,EC,2021-11-29 22:05:08,-1.9167,-79.5167,85.71,45,98,5.91,light rain,0.0,0
546,kathu,TH,2021-11-29 22:05:09,7.9178,98.3332,73.22,87,100,6.89,overcast clouds,0.0,0
547,panaba,MX,2021-11-29 22:05:09,21.2833,-88.2667,80.42,63,86,13.69,overcast clouds,0.0,0
548,laguna,US,2021-11-29 22:01:45,38.421,-121.4238,75.15,59,1,1.99,clear sky,0.0,0
549,baherden,TM,2021-11-29 22:05:11,38.4362,57.4316,53.78,46,41,1.1,scattered clouds,0.0,0
550,andenes,NO,2021-11-29 22:05:11,69.3143,16.1194,24.78,74,20,14.97,few clouds,0.0,0
551,veraval,IN,2021-11-29 22:05:12,20.9,70.3667,73.94,45,67,12.41,broken clouds,0.0,0
552,port blair,IN,2021-11-29 22:05:12,11.6667,92.75,79.81,78,95,9.95,overcast clouds,0.0,0
553,sarai naurang,PK,2021-11-29 22:01:06,32.8259,70.7814,61.23,34,100,2.53,overcast clouds,0.0,0
554,pacific grove,US,2021-11-29 22:01:03,36.6177,-121.9166,79.43,66,0,1.01,clear sky,0.0,0
555,sagua la grande,CU,2021-11-29 22:05:14,22.8067,-80.0756,76.19,61,24,9.08,few clouds,0.0,0
556,richards bay,ZA,2021-11-29 22:05:15,-28.783,32.0377,69.55,94,19,5.61,few clouds,0.0,0
557,monte alto,BR,2021-11-29 22:05:15,-21.2611,-48.4964,77.83,67,74,6.04,light rain,0.0,0
558,iisalmi,FI,2021-11-29 22:05:16,63.5592,27.1907,14.02,83,100,9.55,overcast clouds,0.0,0
559,beloha,MG,2021-11-29 22:05:16,-25.1667,45.05,67.78,87,1,11.45,clear sky,0.0,0
560,inhambane,MZ,2021-11-29 22:05:17,-23.865,35.3833,72.79,77,0,10.83,clear sky,0.0,0
561,areia branca,BR,2021-11-29 22:05:18,-4.9561,-37.1369,80.96,79,37,21.45,scattered clouds,0.0,0
562,lodja,CD,2021-11-29 22:05:18,-3.4833,23.4333,68.68,96,100,1.54,overcast clouds,0.0,0
563,sovetskaya gavan,RU,2021-11-29 22:05:19,48.9723,140.2878,16.86,82,100,3.31,overcast clouds,0.0,0
564,sistranda,NO,2021-11-29 22:05:19,63.7256,8.834,27.9,65,100,12.24,light snow,0.0,0
565,muisne,EC,2021-11-29 22:05:20,0.6,-80.0333,76.08,80,95,10.02,overcast clouds,0.0,0
566,benguela,AO,2021-11-29 22:05:21,-12.5763,13.4055,77.7,79,100,4.43,light rain,0.0,0
567,novoilinsk,RU,2021-11-29 22:05:21,51.6829,108.7143,19.02,91,99,9.37,overcast clouds,0.0,0
568,homer,US,2021-11-29 22:05:22,59.6425,-151.5483,19.27,79,90,19.57,light snow,0.0,0
569,ayna,PE,2021-11-29 22:05:22,-12.65,-73.9167,68.85,66,100,2.35,overcast clouds,0.0,0
570,shelburne,CA,2021-11-29 22:05:23,44.0787,-80.2041,29.75,93,75,6.44,broken clouds,0.0,0
571,hammerfest,NO,2021-11-29 22:05:23,70.6634,23.6821,14.45,73,0,17.27,clear sky,0.0,0
572,verkhnevilyuysk,RU,2021-11-29 22:05:24,63.4453,120.3167,-11.45,98,100,2.55,overcast clouds,0.0,0
573,makakilo city,US,2021-11-29 22:04:40,21.3469,-158.0858,79.12,72,90,10.36,light intensity drizzle,0.0,0
574,magdagachi,RU,2021-11-29 22:05:25,53.45,125.8,0.52,96,54,2.39,broken clouds,0.0,0
575,changli,CN,2021-11-29 22:05:26,39.7042,119.1506,32.32,87,44,6.31,scattered clouds,0.0,0
576,seddon,AU,2021-11-29 22:05:27,-37.8068,144.8916,78.62,52,0,11.5,clear sky,0.0,0
577,yining,CN,2021-11-29 22:05:28,29.0361,114.5636,46.38,68,76,4.41,broken clouds,0.0,0
578,sivaki,RU,2021-11-29 22:05:28,52.6333,126.75,6.39,98,100,2.04,overcast clouds,0.0,0
579,rossosh,RU,2021-11-29 22:05:29,51.1209,38.5116,54.46,81,100,25.21,overcast clouds,0.0,0
580,jacareacanga,BR,2021-11-29 22:04:00,-6.2222,-57.7528,81.81,76,100,0.56,overcast clouds,0.0,0
581,buluang,PH,2021-11-29 22:05:30,13.3068,123.3425,75.33,91,100,2.35,overcast clouds,0.0,0
582,sainte-anne-des-monts,CA,2021-11-29 22:05:31,49.124,-66.4924,26.22,79,100,2.44,overcast clouds,0.0,0
583,malampaka,TZ,2021-11-29 22:05:31,-3.1333,33.5333,72.0,67,85,4.43,overcast clouds,0.0,0
584,jibuti,DJ,2021-11-29 22:01:00,11.5,42.5,72.18,60,16,10.25,few clouds,0.0,0
585,kalevala,RU,2021-11-29 22:05:32,65.2,31.1667,11.52,91,100,7.14,overcast clouds,0.0,0
586,andros town,BS,2021-11-29 22:05:33,24.7,-77.7667,73.36,60,84,13.15,broken clouds,0.0,0
587,portsmouth,GB,2021-11-29 22:01:24,50.799,-1.0913,44.98,92,98,1.01,overcast clouds,0.0,0
588,mlonggo,ID,2021-11-29 22:05:34,-6.5333,110.7,76.89,82,99,4.14,moderate rain,0.0,0
589,alirajpur,IN,2021-11-29 22:05:34,22.3031,74.3546,65.16,46,100,7.72,overcast clouds,0.0,0
590,aktash,RU,2021-11-29 22:05:35,50.3,87.7333,0.77,82,58,3.78,broken clouds,0.0,0
591,wanning,CN,2021-11-29 22:05:36,18.8003,110.3967,66.72,83,10,10.87,clear sky,0.0,0
592,madingou,CG,2021-11-29 22:05:36,-4.1536,13.55,73.29,97,100,2.75,overcast clouds,0.0,0
593,jhang,PK,2021-11-29 22:05:37,33.6748,72.6963,54.57,46,100,3.74,overcast clouds,0.0,0
594,garowe,SO,2021-11-29 22:05:37,8.4054,48.4845,70.72,58,29,9.93,scattered clouds,0.0,0
595,kjollefjord,NO,2021-11-29 22:05:38,70.9457,27.3465,17.38,73,55,25.32,broken clouds,0.0,0
596,songjianghe,CN,2021-11-29 22:05:39,42.1859,127.479,24.75,96,100,4.56,snow,0.0,0
597,sechura,PE,2021-11-29 22:05:40,-5.5569,-80.8222,75.2,58,65,18.25,broken clouds,0.0,0
598,tateyama,JP,2021-11-29 22:05:40,34.9833,139.8667,42.82,68,30,14.58,scattered clouds,0.0,0
599,dondo,MZ,2021-11-29 22:05:41,-19.6094,34.7431,66.58,84,0,4.36,clear sky,0.0,0
600,delta del tigre,UY,2021-11-29 22:05:41,-34.7633,-56.3853,66.61,82,90,20.71,mist,0.0,0
601,liverpool,GB,2021-11-29 22:01:06,53.4106,-2.9779,49.68,91,75,8.01,broken clouds,0.0,0
602,pisco,PE,2021-11-29 22:05:42,-13.7,-76.2167,69.85,68,0,21.85,clear sky,0.0,0
603,hervey bay,AU,2021-11-29 22:05:43,-25.2986,152.8535,79.02,93,97,4.0,overcast clouds,0.0,0
604,salamiyah,SY,2021-11-29 22:05:44,35.0113,37.0532,63.88,47,100,9.57,overcast clouds,0.0,0
605,vargashi,RU,2021-11-29 22:05:44,55.3556,65.8467,16.07,88,31,6.04,scattered clouds,0.0,0
606,bodinayakkanur,IN,2021-11-29 22:05:45,10.0167,77.35,71.65,95,98,3.51,moderate rain,0.0,0
607,avera,US,2021-11-29 22:05:45,33.194,-82.5271,55.27,40,4,3.69,clear sky,0.0,0
608,sarospatak,HU,2021-11-29 22:05:47,48.3167,21.5833,33.51,96,98,3.58,light snow,0.0,0
609,auki,SB,2021-11-29 22:04:14,-8.7676,160.7034,83.53,72,97,3.36,overcast clouds,0.0,0
610,mount kisco,US,2021-11-29 22:05:48,41.2043,-73.7271,40.08,69,78,1.01,broken clouds,0.0,0
611,namibe,AO,2021-11-29 22:05:49,-15.1961,12.1522,73.29,62,11,4.14,few clouds,0.0,0
612,ovre ardal,NO,2021-11-29 22:05:49,61.3167,7.8,18.48,94,100,6.02,light snow,0.0,0
613,predivinsk,RU,2021-11-29 22:05:50,57.0669,93.4378,22.62,87,100,7.92,overcast clouds,0.0,0
614,ploemeur,FR,2021-11-29 22:05:50,47.7333,-3.4333,43.39,88,90,2.3,overcast clouds,0.0,0
615,darhan,MN,2021-11-29 22:05:51,49.4867,105.9228,8.22,89,23,6.31,few clouds,0.0,0
616,balykshi,KZ,2021-11-29 22:05:52,47.0667,51.8667,35.6,75,0,15.66,clear sky,0.0,0
617,yilan,TW,2021-11-29 22:05:52,24.757,121.753,72.82,99,46,3.58,scattered clouds,0.0,0
618,blagodatnoye,RU,2021-11-29 22:05:53,45.3997,42.5867,59.92,59,84,12.06,broken clouds,0.0,0
619,kudahuvadhoo,MV,2021-11-29 22:05:55,2.6708,72.8944,81.93,75,97,15.61,overcast clouds,0.0,0
620,sao felix do xingu,BR,2021-11-29 22:05:55,-6.6447,-51.995,75.88,90,91,2.15,moderate rain,0.0,0
621,sao gotardo,BR,2021-11-29 22:05:56,-19.3111,-46.0489,70.92,67,86,2.35,overcast clouds,0.0,0
622,sarangani,PH,2021-11-29 22:05:56,5.4033,125.4636,81.68,77,100,9.4,overcast clouds,0.0,0
623,naberera,TZ,2021-11-29 22:05:57,-4.2,36.9333,64.51,88,98,7.14,light rain,0.0,0
624,amahai,ID,2021-11-29 22:05:57,-3.3333,128.9167,79.43,85,100,1.3,overcast clouds,0.0,0
625,kayes,ML,2021-11-29 22:05:58,14.0,-11.0,84.29,17,12,6.91,few clouds,0.0,0
626,mamallapuram,IN,2021-11-29 22:05:59,12.6264,80.1722,81.05,85,100,9.15,overcast clouds,0.0,0
627,maarianhamina,AX,2021-11-29 22:06:00,60.0973,19.9348,24.66,74,90,8.05,overcast clouds,0.0,0
628,kedougou,SN,2021-11-29 22:06:01,12.5579,-12.1743,81.21,23,65,0.65,broken clouds,0.0,0
629,goderich,CA,2021-11-29 22:06:02,43.7501,-81.7165,34.92,71,99,10.54,overcast clouds,0.0,0
630,okhotsk,RU,2021-11-29 22:06:03,59.3833,143.3,-12.59,87,16,18.28,few clouds,0.0,0
631,huilong,CN,2021-11-29 22:06:04,31.8111,121.655,54.03,84,100,20.96,overcast clouds,0.0,0
632,marawi,PH,2021-11-29 22:06:05,7.9986,124.2928,65.64,94,73,2.04,broken clouds,0.0,0
633,baruun-urt,MN,2021-11-29 22:06:06,46.6806,113.2792,7.83,82,12,10.09,few clouds,0.0,0
634,westport,US,2021-11-29 22:06:07,41.1415,-73.3579,40.32,69,1,1.99,clear sky,0.0,0
635,itigi,TZ,2021-11-29 22:06:07,-5.7,34.4833,67.68,80,97,5.77,overcast clouds,0.0,0
636,vikhorevka,RU,2021-11-29 22:06:08,56.1201,101.1636,15.39,96,100,3.29,overcast clouds,0.0,0
637,novorudnyy,RU,2021-11-29 22:06:09,51.5026,58.1873,12.09,79,32,1.81,scattered clouds,0.0,0
638,boralday,KZ,2021-11-29 22:06:09,43.3578,76.8594,21.06,86,20,2.24,mist,0.0,0
639,nemuro,JP,2021-11-29 22:06:10,43.3236,145.575,45.09,82,61,4.45,broken clouds,0.0,0
640,magdalena,PH,2021-11-29 22:06:10,14.1999,121.429,78.42,96,96,3.02,overcast clouds,0.0,0
641,mayahi,NE,2021-11-29 22:06:10,13.9553,7.6712,73.9,11,8,9.86,clear sky,0.0,0
642,coihueco,CL,2021-11-29 22:07:03,-36.6167,-71.8333,77.74,29,20,8.05,few clouds,0.0,0
643,manzanillo,CU,2021-11-29 22:07:04,20.3433,-77.1167,77.36,74,97,5.57,overcast clouds,0.0,0
644,huarmey,PE,2021-11-29 22:07:04,-10.0681,-78.1522,69.58,79,45,9.86,scattered clouds,0.0,0
645,primorsk,UA,2021-11-29 22:07:05,46.7348,36.3443,50.77,90,100,18.34,overcast clouds,0.0,0
646,lavrentiya,RU,2021-11-29 22:07:05,65.5833,-171.0,-11.43,91,6,8.39,clear sky,0.0,0
647,hadejia,NG,2021-11-29 22:07:06,12.4498,10.0444,75.09,14,10,10.04,clear sky,0.0,0
648,hay river,CA,2021-11-29 22:07:06,60.8156,-115.7999,-10.03,94,32,5.35,scattered clouds,0.0,0
649,trinidad,BO,2021-11-29 22:07:07,-14.8333,-64.9,73.38,100,90,6.91,heavy intensity rain,0.0,0
650,swellendam,ZA,2021-11-29 22:07:07,-34.0226,20.4417,63.84,69,33,5.23,scattered clouds,0.0,0
651,yeppoon,AU,2021-11-29 22:07:08,-23.1333,150.7333,76.78,78,49,9.51,scattered clouds,0.0,0
652,bhawanipatna,IN,2021-11-29 22:07:08,19.9,83.1667,60.01,62,39,0.81,scattered clouds,0.0,0
653,virginia beach,US,2021-11-29 22:07:07,36.8529,-75.978,47.01,51,20,11.5,few clouds,0.0,0
654,tretten,NO,2021-11-29 22:06:02,61.3142,10.3007,16.12,89,100,4.07,overcast clouds,0.0,0
655,sao jose da coroa grande,BR,2021-11-29 22:07:10,-8.8978,-35.1478,79.77,81,61,12.84,broken clouds,0.0,0
656,gijon,ES,2021-11-29 22:07:10,43.5357,-5.6615,54.81,89,99,3.0,overcast clouds,0.0,0
657,yaan,NG,2021-11-29 22:07:11,7.3833,8.5667,80.67,39,25,6.11,scattered clouds,0.0,0
658,dhidhdhoo,MV,2021-11-29 22:10:07,6.8833,73.1,79.11,85,98,16.69,heavy intensity rain,0.0,0
659,den helder,NL,2021-11-29 22:10:07,52.9599,4.7593,44.98,68,90,23.0,overcast clouds,0.0,0
660,peniche,PT,2021-11-29 22:10:08,39.3558,-9.3811,55.09,72,99,7.02,overcast clouds,0.0,0
661,santa cruz,BO,2021-11-29 22:10:08,-17.8,-63.1667,69.01,88,100,2.68,overcast clouds,0.0,0
662,chapais,CA,2021-11-29 22:10:09,49.7834,-74.8492,17.38,97,100,2.46,overcast clouds,0.0,0
663,chapleau,CA,2021-11-29 22:10:10,47.8405,-83.4034,21.0,95,100,1.25,overcast clouds,0.0,0
664,bezhanitsy,RU,2021-11-29 22:10:11,56.9767,29.8907,36.19,100,100,4.52,overcast clouds,0.0,0
665,birjand,IR,2021-11-29 22:10:12,32.8663,59.2211,49.55,49,1,4.25,clear sky,0.0,0
666,mahabad,IR,2021-11-29 22:10:13,36.7631,45.7222,46.58,68,4,2.62,clear sky,0.0,0
667,olinda,BR,2021-11-29 22:10:14,-8.0089,-34.8553,82.13,74,40,8.05,scattered clouds,0.0,0
668,glen allen,US,2021-11-29 22:05:43,37.666,-77.5064,45.18,46,1,5.01,clear sky,0.0,0
669,abha,SA,2021-11-29 22:10:15,18.2164,42.5053,52.05,43,0,0.0,clear sky,0.0,0
670,ambilobe,MG,2021-11-29 22:10:16,-13.2,49.05,74.35,84,28,5.86,scattered clouds,0.0,0
671,ayorou,NE,2021-11-29 22:10:17,14.7308,0.9174,80.13,10,100,8.03,overcast clouds,0.0,0
672,labuan,MY,2021-11-29 22:10:17,5.2767,115.2417,73.56,72,100,2.75,light rain,0.0,0
673,vrangel,RU,2021-11-29 22:10:18,42.7297,133.0839,38.26,67,100,10.18,overcast clouds,0.0,0
674,tynda,RU,2021-11-29 22:10:19,55.1667,124.7167,-11.02,99,35,2.24,scattered clouds,0.0,0
675,bellavista,PE,2021-11-29 22:10:19,-7.0561,-76.5911,83.48,62,93,1.12,overcast clouds,0.0,0
676,haines junction,CA,2021-11-29 22:10:20,60.7522,-137.5108,2.84,98,100,1.79,overcast clouds,0.0,0
677,gavrilov posad,RU,2021-11-29 22:10:20,56.5597,40.1175,39.54,98,100,14.61,overcast clouds,0.0,0
678,trofors,NO,2021-11-29 22:10:21,65.5333,13.4063,29.55,94,100,4.43,overcast clouds,0.0,0
679,fontanafredda,IT,2021-11-29 22:10:21,45.9736,12.5691,39.49,75,10,5.1,clear sky,0.0,0
680,aykhal,RU,2021-11-29 22:10:22,66.0,111.5,-26.91,100,96,3.87,overcast clouds,0.0,0
